Var1,Var2,Freq
1,No,14.701986754966887
2,No,7.102803738317758
3,No,17.71428571428571
1,Sí,85.2980132450331
2,Sí,92.89719626168224
3,Sí,82.28571428571428
