Var1,Var2,Freq
1,Bajo,45.562913907284766
2,Bajo,60
3,Bajo,55.42857142857143
1,Alto,54.437086092715234
2,Alto,40
3,Alto,44.57142857142857
