Var1,Var2,Freq
1,Bajo,2.781456953642384
2,Bajo,9.813084112149532
3,Bajo,29.714285714285715
1,Alto,97.21854304635762
2,Alto,90.18691588785047
3,Alto,70.28571428571428
