Var1,Var2,Freq
1,Bajo,0.7947019867549668
2,Bajo,0
3,Bajo,62.28571428571429
1,Alto,99.20529801324504
2,Alto,100
3,Alto,37.714285714285715
