Var1,Var2,Freq
1,Bajo,28.079470198675498
2,Bajo,41.02803738317757
3,Bajo,40.57142857142857
1,Alto,71.9205298013245
2,Alto,58.971962616822424
3,Alto,59.42857142857143
