Var1,Var2,Freq
1,Bajo,23.70860927152318
2,Bajo,75.60747663551402
3,Bajo,45.714285714285715
1,Alto,76.29139072847683
2,Alto,24.39252336448598
3,Alto,54.285714285714285
