Var1,Var2,Freq
1,No,30.631868131868135
2,No,26.091269841269842
3,No,36.904761904761905
1,Sí,69.36813186813187
2,Sí,73.90873015873017
3,Sí,63.095238095238095
