Var1,Var2,Freq
1,Bajo,26.092715231788077
2,Bajo,72.24299065420561
3,Bajo,53.142857142857146
1,Alto,73.90728476821192
2,Alto,27.757009345794394
3,Alto,46.85714285714286
