Var1,Var2,Freq
1,Bajo,41.4569536423841
2,Bajo,87.28971962616822
3,Bajo,71.42857142857143
1,Alto,58.54304635761589
2,Alto,12.710280373831775
3,Alto,28.57142857142857
