Var1,Var2,Freq
1,Bajo,27.549668874172184
2,Bajo,87.19626168224299
3,Bajo,60.57142857142858
1,Alto,72.45033112582782
2,Alto,12.803738317757011
3,Alto,39.42857142857143
