Var1,Var2,Freq
1,Bajo,5.430463576158941
2,Bajo,44.205607476635514
3,Bajo,63.42857142857142
1,Alto,94.56953642384106
2,Alto,55.794392523364486
3,Alto,36.57142857142857
