Var1,Var2,Freq
1,Bajo,22.251655629139073
2,Bajo,28.22429906542056
3,Bajo,36
1,Alto,77.74834437086092
2,Alto,71.77570093457943
3,Alto,64
