Var1,Var2,Freq
1,Bajo,4.900662251655629
2,Bajo,6.915887850467289
3,Bajo,70.85714285714285
1,Alto,95.09933774834437
2,Alto,93.0841121495327
3,Alto,29.142857142857142
