Var1,Var2,Freq
1,Bajo,5.1655629139072845
2,Bajo,12.990654205607477
3,Bajo,40
1,Alto,94.83443708609272
2,Alto,87.00934579439252
3,Alto,60
