term,estimate,std.error,statistic,p.value,conf.low,conf.high
(Intercept),14.17830748245017,0.20398285637104555,12.999686354366421,1.2284607178976915e-38,9.638266759117442,21.477560753026417
clase_latente_factor2,1.6734383003336613,0.16435298040842655,3.1327717396525836,0.0017316405177492875,1.214014645604033,2.3142372958106323
clase_latente_factor3,0.8454232187282229,0.23110604275503274,-0.7265838852201237,0.4674809029583934,0.5426237221601533,1.346046132493681
sexo2,1.20522498481657,0.15648531245246983,1.192867598757108,0.2329212305792922,0.8896509455996521,1.6442951062003783
edad_cat35-54,0.5869864198095757,0.22229962239184747,-2.396556452037504,0.016549943911824818,0.37659320103784,0.9027971258579697
edad_cat55+,0.18849974992764826,0.20560075587851645,-8.116013930049409,4.817454194070086e-16,0.12440913466761948,0.2791568799741862
