term,estimate,std.error,statistic,p.value,conf.low,conf.high
(Intercept),3.402679786810224,0.1257699758529226,9.736531198832996,2.1062140909223215e-22,2.666845471543692,4.367427277644003
clase_latente_factor2,1.0650864253867456,0.11253499048713217,0.5603230265874515,0.5752591239147733,0.8537137269550797,1.32729995237593
clase_latente_factor3,0.8285386034751739,0.18251836487197953,-1.0305365649922587,0.302758196799928,0.5808613329821274,1.189105150813519
sexo2,1.0418988536516718,0.10667897942981538,0.38475123596827976,0.700421731001932,0.8458856083150423,1.2852695984010196
edad_cat35-54,0.7159956940085455,0.12632180775932655,-2.6446829088341244,0.008176750116985156,0.5584746152292137,0.9165908278334746
edad_cat55+,0.49161871086782416,0.13523890828559695,-5.2503517652766805,1.5180902782016175e-7,0.3768104686190844,0.6404319255066606
indice_clase_social_final,1.3455995033921757,0.07742256991891373,3.8340194789045787,1.2606615192594089e-4,1.1569371511984767,1.5673879487029732
