term,estimate,std.error,statistic,p.value,conf.low,conf.high
(Intercept),3.381909278993706,0.12494039377304987,9.752173725881098,1.8055994387081064e-22,2.6547510404297854,4.333493786900052
clase_latente_factor2,1.102049782196388,0.11162062490581141,0.8705549193912132,0.3839972201479597,0.8850016001867573,1.3710154648467334
clase_latente_factor3,0.7911891831398675,0.18143009584765385,-1.2909554455893653,0.19671912749933798,0.5558320669085081,1.1330384954648882
sexo2,1.0620757188209102,0.10618020992951899,0.5671981496636072,0.5705795650358334,0.8631549257731176,1.3089432753084218
edad_cat35-54,0.7020588979068612,0.12579300044420208,-2.812064082058606,0.004922469534385765,0.5481498096172466,0.8977814858704176
edad_cat55+,0.45632654857243077,0.13324425957296324,-5.888033097860625,3.908188629639511e-9,0.3510657194719508,0.5920237424026902
