term,estimate,std.error,statistic,p.value,conf.low,conf.high
(Intercept),15.269337780918217,0.2086916988935433,13.061596438264392,5.457125500251985e-39,10.285342245202239,23.345331729765338
clase_latente_factor2,1.5036931727242235,0.16802106234212935,2.427815843631968,0.015190054102180056,1.0825137390436825,2.0935178781192083
clase_latente_factor3,0.9337574892645664,0.23498415726012323,-0.2916729482320281,0.7705366944632069,0.5947231070340123,1.4977653942632978
sexo2,1.130707298650764,0.15898108770556466,0.7726916873914652,0.4397048673826861,0.8303262489957159,1.5497830887092927
edad_cat35-54,0.6377948117624941,0.2242875536911851,-2.0051877673169156,0.04494297733198577,0.40770877953517526,0.9850355646985807
edad_cat55+,0.2300482989180295,0.2106865629444925,-6.974654559228975,3.0662328394538462e-12,0.150461100590528,0.34443087325531707
indice_clase_social_final,2.090288363433405,0.11968153926277887,6.160532643009507,7.250066782229096e-10,1.6594191529053393,2.6541616591406654
